<?xml version="1.0" encoding="UTF-8"?>
<plugin_manifest xmlns="http://www.elgg.org/plugin_manifest/1.8">

	<name>hypeGameMechanics</name>
	<id>hypeGameMechanics</id>
	<version type="dist">5.0.1</version>

	<description>Game mechanics for Elgg</description>
	<category>hypeJunction</category>
	<category>users</category>
	<category>points</category>
	<category>badges</category>

	<author>Ismayil Khayredinov (ismayil.khayredinov@gmail.com)</author>
	<website>http://hypeJunction.com</website>
	<copyright>2011-2019 (c) Ismayil Khayredinov</copyright>
	<license>GNU Public License version 2</license>

	<requires>
		<type>elgg_release</type>
		<version>3.0</version>
	</requires>

</plugin_manifest>
