<?xml version="1.0" encoding="UTF-8"?>
<plugin_manifest xmlns="http://www.elgg.org/plugin_manifest/1.8">
	<name>Time Zones</name>
	<id>timezones</id>
	<author>casper</author>
	<version>1.0</version>
	<category>enhancement</category>
	<description>This plugin give the user an option for local time zone setting.</description>
	<website>https://github.com/casperrutten</website>
	<copyright>(C) casper 2018</copyright>
	<license>GNU Public License version 2</license>
	<requires>
		<type>elgg_release</type>
		<version>1.9</version>
	</requires>
</plugin_manifest>
